grp_hmacDataflow_32_64_256_32_64_sha256_wrapper_s_fu_38,kipadStrm_U,,chan_status1.csv
grp_hmacDataflow_32_64_256_32_64_sha256_wrapper_s_fu_38,kopadStrm_U,,chan_status2.csv
grp_hmacDataflow_32_64_256_32_64_sha256_wrapper_s_fu_38,eKipadStrm_U,,chan_status3.csv
grp_hmacDataflow_32_64_256_32_64_sha256_wrapper_s_fu_38,kopad2Strm_U,,chan_status4.csv
grp_hmacDataflow_32_64_256_32_64_sha256_wrapper_s_fu_38,msgHashStrm_U,,chan_status5.csv
grp_hmacDataflow_32_64_256_32_64_sha256_wrapper_s_fu_38,eMsgHashStrm_U,,chan_status6.csv
grp_hmacDataflow_32_64_256_32_64_sha256_wrapper_s_fu_38.msgHash_32_64_256_32_64_sha256_wrapper_U0,mergeKipadStrm_U,,chan_status7.csv
grp_hmacDataflow_32_64_256_32_64_sha256_wrapper_s_fu_38.msgHash_32_64_256_32_64_sha256_wrapper_U0,mergeKipadLenStrm_U,,chan_status8.csv
grp_hmacDataflow_32_64_256_32_64_sha256_wrapper_s_fu_38.msgHash_32_64_256_32_64_sha256_wrapper_U0,eMergeKipadLenStrm_U,,chan_status9.csv
grp_hmacDataflow_32_64_256_32_64_sha256_wrapper_s_fu_38.msgHash_32_64_256_32_64_sha256_wrapper_U0.hash_U0.grp_sha256_top_32_256_s_fu_32,blk_strm_U,,chan_status10.csv
grp_hmacDataflow_32_64_256_32_64_sha256_wrapper_s_fu_38.msgHash_32_64_256_32_64_sha256_wrapper_U0.hash_U0.grp_sha256_top_32_256_s_fu_32,nblk_strm_U,,chan_status11.csv
grp_hmacDataflow_32_64_256_32_64_sha256_wrapper_s_fu_38.msgHash_32_64_256_32_64_sha256_wrapper_U0.hash_U0.grp_sha256_top_32_256_s_fu_32,end_nblk_strm_U,,chan_status12.csv
grp_hmacDataflow_32_64_256_32_64_sha256_wrapper_s_fu_38.msgHash_32_64_256_32_64_sha256_wrapper_U0.hash_U0.grp_sha256_top_32_256_s_fu_32,nblk_strm1_U,,chan_status13.csv
grp_hmacDataflow_32_64_256_32_64_sha256_wrapper_s_fu_38.msgHash_32_64_256_32_64_sha256_wrapper_U0.hash_U0.grp_sha256_top_32_256_s_fu_32,end_nblk_strm1_U,,chan_status14.csv
grp_hmacDataflow_32_64_256_32_64_sha256_wrapper_s_fu_38.msgHash_32_64_256_32_64_sha256_wrapper_U0.hash_U0.grp_sha256_top_32_256_s_fu_32,nblk_strm2_U,,chan_status15.csv
grp_hmacDataflow_32_64_256_32_64_sha256_wrapper_s_fu_38.msgHash_32_64_256_32_64_sha256_wrapper_U0.hash_U0.grp_sha256_top_32_256_s_fu_32,end_nblk_strm2_U,,chan_status16.csv
grp_hmacDataflow_32_64_256_32_64_sha256_wrapper_s_fu_38.msgHash_32_64_256_32_64_sha256_wrapper_U0.hash_U0.grp_sha256_top_32_256_s_fu_32,w_strm_U,,chan_status17.csv
grp_hmacDataflow_32_64_256_32_64_sha256_wrapper_s_fu_38.resHash_32_64_256_32_64_sha256_wrapper_U0,mergeKopadStrm_U,,chan_status18.csv
grp_hmacDataflow_32_64_256_32_64_sha256_wrapper_s_fu_38.resHash_32_64_256_32_64_sha256_wrapper_U0,mergeKopadLenStrm_U,,chan_status19.csv
grp_hmacDataflow_32_64_256_32_64_sha256_wrapper_s_fu_38.resHash_32_64_256_32_64_sha256_wrapper_U0,eMergeKopadLenStrm_U,,chan_status20.csv
grp_hmacDataflow_32_64_256_32_64_sha256_wrapper_s_fu_38.resHash_32_64_256_32_64_sha256_wrapper_U0.hash_1_U0.grp_sha256_top_32_256_s_fu_30,blk_strm_U,,chan_status21.csv
grp_hmacDataflow_32_64_256_32_64_sha256_wrapper_s_fu_38.resHash_32_64_256_32_64_sha256_wrapper_U0.hash_1_U0.grp_sha256_top_32_256_s_fu_30,nblk_strm_U,,chan_status22.csv
grp_hmacDataflow_32_64_256_32_64_sha256_wrapper_s_fu_38.resHash_32_64_256_32_64_sha256_wrapper_U0.hash_1_U0.grp_sha256_top_32_256_s_fu_30,end_nblk_strm_U,,chan_status23.csv
grp_hmacDataflow_32_64_256_32_64_sha256_wrapper_s_fu_38.resHash_32_64_256_32_64_sha256_wrapper_U0.hash_1_U0.grp_sha256_top_32_256_s_fu_30,nblk_strm1_U,,chan_status24.csv
grp_hmacDataflow_32_64_256_32_64_sha256_wrapper_s_fu_38.resHash_32_64_256_32_64_sha256_wrapper_U0.hash_1_U0.grp_sha256_top_32_256_s_fu_30,end_nblk_strm1_U,,chan_status25.csv
grp_hmacDataflow_32_64_256_32_64_sha256_wrapper_s_fu_38.resHash_32_64_256_32_64_sha256_wrapper_U0.hash_1_U0.grp_sha256_top_32_256_s_fu_30,nblk_strm2_U,,chan_status26.csv
grp_hmacDataflow_32_64_256_32_64_sha256_wrapper_s_fu_38.resHash_32_64_256_32_64_sha256_wrapper_U0.hash_1_U0.grp_sha256_top_32_256_s_fu_30,end_nblk_strm2_U,,chan_status27.csv
grp_hmacDataflow_32_64_256_32_64_sha256_wrapper_s_fu_38.resHash_32_64_256_32_64_sha256_wrapper_U0.hash_1_U0.grp_sha256_top_32_256_s_fu_30,w_strm_U,,chan_status28.csv
